brand,sendas,file
daycpafirm,accounting@daycpafirm.com,accounting_at_daycpafirm_com.html
dimovtax,contact@dimovtax.com,contact_at_dimovtax_com.html
dimovtax,george@dimovtax.com,george_at_dimovtax_com.html
wasserman,george@wasserman-cpa.net,george_at_wasserman-cpa_net.html
wattercpa,george@wattercpa.com,george_at_wattercpa_com.html
dimovaudit,hello@dimovaudit.com,hello_at_dimovaudit_com.html
dimovtaxuk,hello@dimovtax.co.uk,hello_at_dimovtax_co_uk.html
dimovtax,hello@dimovtax.com,hello_at_dimovtax_com.html
richmondstreetadvisors,hello@richmondstreetadvisors.com,hello_at_richmondstreetadvisors_com.html
dimovtax,hr@dimovtax.com,hr_at_dimovtax_com.html
claritytaxgroup,info@claritytaxgroup.com,info_at_claritytaxgroup_com.html
daycpafirm,info@daycpafirm.com,info_at_daycpafirm_com.html
dbalexander,info@dbalexander.com,info_at_dbalexander_com.html
dimovtax,info@dimovtax.com,info_at_dimovtax_com.html
mariscpa,info@mariscpa.com,info_at_mariscpa_com.html
thetaxaccountinggroup,info@thetaxaccountinggroup.com,info_at_thetaxaccountinggroup_com.html
wattercpa,info@wattercpa.com,info_at_wattercpa_com.html
dimovtax,office@dimovtax.com,office_at_dimovtax_com.html
dimovtax,proposals@dimovtax.com,proposals_at_dimovtax_com.html
dimovtax,team@dimovtax.com,team_at_dimovtax_com.html
